                  epoch,             train/loss,  metrics/accuracy_top1,  metrics/accuracy_top5,               val/loss,                 lr/pg0,                 lr/pg1,                 lr/pg2
                      1,                0.92156,                0.88514,                      1,                 1.0631,              0.0002369,              0.0002369,              0.0002369
                      2,                0.29275,                0.87703,                      1,                 1.0458,             0.00038087,             0.00038087,             0.00038087
                      3,                0.21799,                0.90405,                      1,                 1.0245,             0.00043059,             0.00043059,             0.00043059
                      4,                0.17859,                0.87703,                      1,                 1.0295,             0.00028988,             0.00028988,             0.00028988
                      5,                0.14924,                0.87703,                      1,                 1.0315,             0.00028988,             0.00028988,             0.00028988
